label,x0,x1,x2,x3,x4,x5,x6,x7,x8,x9,x10,x11,x12,x13,x14,x15,x16,x17,x18,x19,x20,y0,y1,y2,y3,y4,y5,y6,y7,y8,y9,y10,y11,y12,y13,y14,y15,y16,y17,y18,y19,y20
tolong,0.14901424590336979,-0.0414792903513554,0.19430656143020775,0.45690895692240757,-0.07024601241700079,-0.07024108708475416,0.47376384465221744,0.23023041874587263,-0.14084231578048562,0.1627680130757894,-0.13902530784373868,-0.13971892607107705,0.07258868146981023,-0.5739840733973394,-0.5174753497539099,-0.1686862587722918,-0.3038493361003271,0.09427419977858216,-0.27240722265636325,-0.42369111040058743,0.4396946306764662,-0.06773289014596069,0.02025846140637715,-0.42742445586403705,-0.1633148173575548,0.03327677691295983,-0.3452980732266908,0.11270940550370158,-0.1801916069756415,-0.08750812493798303,-0.18051198366881907,0.5556834553526813,-0.004049167421380176,-0.3173132786867701,0.2467634736309567,-0.36625309499130665,0.06265907850142662,-0.5879010371639326,-0.3984558146695291,0.059058370760737056,0.22153997399862313,0.051410484356991144
tolong,-0.03469448471647216,-0.09033110867678663,-0.4435565971102282,-0.2159532625184126,-0.13819163128793624,0.3171366678656747,0.10308548687053842,-0.5289120466088202,0.0972251908184385,-0.11552468412489496,-0.2030766000917876,0.18350288665226036,0.3092998567487853,0.27938403573485954,-0.25176525696679153,-0.09276371275536437,0.09937902942106919,0.29266353813670776,-0.14375227135358698,-0.055697692999145135,-0.33190049220180845,-0.3588619872242012,0.2437577467182594,0.4068720085712469,-0.021603036474100154,0.30105986936760726,0.10849080751429024,-0.19353592638153727,0.10841868165252418,0.46141096993979075,-0.010747811732985462,0.4693930967442018,-0.7859235312269233,0.24657075131256714,0.026114120471451365,-0.08970220513976024,0.027528232960650687,-0.5962706743802678,-0.06590156635125358,0.10713377145352392,0.4433682134224548,-0.1554810654820942
tolong,-0.24254808086795626,-0.15052711307536096,0.27462063531062225,0.09862533289790533,-0.15892806113011163,0.1539802299340068,0.029123264804412116,0.29059349715986676,-0.2106159281632057,-0.09829864397933046,-0.11763244593964728,-0.4390544844396356,0.08883608311937281,0.0783165816539668,0.001534036992738267,-0.07037614001254407,-0.42461122261512424,-0.1261935968296077,-0.10281435495803085,-0.24068318076648565,-0.04838571349980274,0.12121525704436151,0.565855770363159,0.05237334384955169,0.07726511721682931,-0.022333774729850164,-0.5756313645897124,-0.007954162634765062,0.01806906298230793,0.7389726337455859,-0.05770828943433676,0.09046420270008373,-0.010413530911572993,-0.3506034112858596,0.34284684435450613,0.22557990980603224,0.23730958411291406,-0.2728162364384217,0.4208382932808297,-0.42055531883768427,0.1760571281400811,0.6571366877429935
tolong,-0.2971608975392065,-0.16988931888083156,0.029895409526292365,-0.15104269623485975,-0.4651990293198398,0.020568892441808196,-0.31869111411783146,0.14207772919055447,-0.2758272702701409,0.4649803215052618,-0.2349759877008711,-0.09661845486170267,0.24405516521090093,-0.36925929493018655,0.06823798038123882,0.3921428262847284,-0.4822449703683682,0.05539015755969126,0.07796483827452706,0.2345468615331931,-0.3710852132634246,-0.3961369839252829,0.15658246968506928,0.08909540196995581,0.07514785510376296,0.1039344628490927,-0.20400741647354723,0.06967610914830107,0.08792174198960437,-0.21430542540791034,0.559732353343427,0.14214987627353626,-0.35739104916079456,0.19696608259014892,-0.29240450106819643,0.2361253811227356,0.34757867370222123,-0.24620469550551313,0.28901283877329653,0.12383427808094949,0.246618047998347,0.5690378947961842
tolong,-0.07361643480086115,-0.22612084930724685,-0.266854328887657,-0.24474308548963147,-0.02313051282423126,0.10234559244499317,0.08300723979900572,0.24815497471080714,0.0039005675633721057,0.43606022314719506,-0.07939704997138682,0.8160507499768856,0.18770020432950185,-0.25714726692488477,-0.3212677494183337,0.1447417245729556,-0.06703883559775527,0.2142001482276276,0.14197128737206344,-0.021848673797061832,-0.25403811542052146,-0.4544541674057594,-0.1339544856201063,0.2569196382970417,0.06422812323906119,-0.3737216336135964,0.0519542777553546,0.11559521391865103,-0.2651572308603399,0.04611753178365837,0.017462615533799967,-0.34289108934918694,0.10733620810448498,0.1682353579104703,0.3249153729525831,0.31614061561047085,-0.4133008103871273,-0.28134751197453683,0.15451058016259792,0.15413578527366265,0.15451430589181436,1.1558194471964163
tolong,0.17126715320795008,0.3406696920541797,0.2862005290479607,0.1954173753917394,-0.09458077339210368,0.22769076614798023,-0.23184756436127152,-0.07104558202200266,-0.14560906434873103,0.024562241815896765,0.6943975700020526,-0.5601795577775244,0.20587805711235405,-0.4838147613568955,-0.14157955973683004,0.32668517909020983,0.01928400572863883,-0.3233234333787918,-0.21459111277799045,0.20387932468040273,-0.219109989515141,0.06493757687459245,0.013671551971144134,-0.19548010428174512,0.6431832267975977,0.19017570669540337,-0.6075427759972821,0.055936294430828294,-0.1985359394305164,0.2557300004388672,-0.23775622152981019,-0.034420932440069704,0.15149618369413714,0.2597265582510364,-0.3600889221167329,-0.1003503707522845,-0.14248359334828684,-0.19599876977211356,0.5296362720843291,0.12149451328828666,-0.37826518630051353,0.2753585841164328
tolong,0.6366468591037899,0.30973957816534403,-0.455810989786204,-0.1452702218598754,0.3800733447559868,-0.2123008396856342,0.13314582844386852,0.23239021602880103,-0.2780791414734249,-0.017857606818540022,-0.9723802020207217,-0.30731629240028696,-0.07577044541794808,-0.3743349545894548,0.48972339117949054,-0.42904241338818977,-0.13201334600909512,0.0392221731858274,0.43238198671983463,-0.4307586453538318,0.3489491256464879,0.0030699183058761144,-0.2944525953143853,0.1386310422789812,0.059717908672041006,-0.1800650631476384,0.020940625497005674,-0.11559407905852806,0.034055203575374414,0.198639202356314,0.4758050448436056,-0.3713446496480547,0.63991001239688,-0.5856263398567505,-0.045535528510674994,0.17649516194537296,0.08429756032050979,-0.18680985594617813,-0.062436675107182565,-0.14790028039764985,-0.17680942708326344,0.2548806291063074
tolong,0.1071046457895142,-0.20787287857819625,0.2698799626299752,0.0921898562629828,0.24385863565168803,0.18888865257708368,-0.24869850327662169,-0.16805431205909085,0.22418808153697853,0.18311107963003945,-0.00627047818924444,0.0351982149926346,0.3832994687365275,-0.17747141665074898,0.16412921435101138,-0.06065779573016822,-0.06530436096816608,0.329633055596157,0.24762490469640894,0.24405289080019155,0.3916436421462987,0.006301152489827715,0.20458589138848918,-0.09308002697803681,0.09724990574653262,-0.039042916310305376,0.029098789497815455,0.1785471076310741,-0.24546620497004173,0.627716182705638,-0.3018052144499106,-0.36425658383631965,0.34743326205002034,0.23749880818888075,0.18723594511564653,0.18850365277928396,-0.0036740318540743866,-0.26917631144574944,0.0227413674581179,-0.2031485134536335,0.29253592002532536,-0.044117214450641595
tolong,-0.24764915903775345,-0.09641575249589802,0.1238794362826873,-0.1691173658411924,-0.24666611866992944,0.07310616344757369,0.07348997133261682,-0.15208295261133892,-0.14131149168549684,0.06961498120729089,-0.43442530244919725,-0.42223913231296656,-0.2155332663757308,-0.06403414551355417,0.09327226967940137,0.4426068650848656,0.2572978869606058,-0.04798155898902813,-0.005704862370806649,-0.30075880939134264,-0.005553940797716979,-0.08659759167604149,0.09681556810142684,-0.24816928306569688,0.1558039542723517,0.4598216739007733,-0.032628044537057276,0.12051351662968243,0.20704319751333375,-0.12036614156575087,0.06722774454312502,0.0037777202345384577,0.029302829564649514,-0.23190293515663993,0.007353052277682814,0.14939948737363493,0.4353430823385125,0.287781247825562,0.6459547372534669,-0.23020426886641485,0.26169619101620345,0.05500260172150552
tolong,0.6569408799653017,-0.24248948560654543,-0.2519165526542328,-0.17981779363320663,-0.637168717292942,-0.15772650650422831,-0.22773979846610937,0.045118135942862285,0.10252679273314783,0.5628512517647658,0.2851271514558151,-0.17307109669872092,-0.2695244014045074,0.1475757514519517,-0.39606996210619266,0.5494376297563061,0.3538320362163861,-0.14075269563141143,-0.5139403587272632,0.40616171224962383,-0.034361953575785364,0.37134489359203854,-0.4783282976383101,-0.17981250688613185,0.0015731099154549497,0.014094178129422616,-0.1350196414437731,0.1868549797042496,-0.3202861288147783,-0.04271384550638805,0.03608868951356966,0.1543316502176247,0.21348446342666694,-0.33739262755136074,-0.4602342512206867,0.3833030465695527,0.0996942035938775,-0.22454596096696608,0.46534559265675685,0.0347023902878576,0.35378915521914794,0.020255544423032686
tolong,0.6182243774645961,0.5266022527329614,-0.07468924454372204,0.2914712852863066,0.19361278487554426,0.4105894672597046,-0.2894770381740313,0.20581543799953178,0.3175273460548763,-0.5276218459269343,-0.3549775537997325,-0.6117696533280301,-0.08082205033336733,0.21526267673878868,0.4507071156288084,0.022228434125932554,0.48858466367138753,-0.4140304374644674,-0.5110147318065463,-0.016664309668985633,0.11521963468179218,-0.009808424428227934,-0.6202326300119629,-0.026736011853836523,-0.391340850151456,0.20090176464901152,0.10997947382905447,-0.28196393589820656,-0.15416007520100805,-0.31776405656668544,-0.018803729181951563,0.2865426961503715,-0.2957178139006631,0.1512139546553533,-0.15907728551173222,-0.23786184967870325,-0.03210910798636735,-0.3105726967258122,-0.1660947916041546,-0.3593633677766545,0.5894175398749167,0.010579065591518583
tolong,-0.20991765239777568,0.0641939732202666,-0.033698414907248946,-0.06629087985996689,0.18425001001302757,0.22725231301419152,-0.15915034428315825,-0.172745472193404,-0.0825155091454932,-0.6905763494206755,-0.45455731865956567,0.4100622802333574,0.49349031405038507,-0.07471081186691349,0.17296708891672993,0.09337504636306083,0.9236642425365713,0.335872473430373,-0.03837527744422996,-0.2866621321801277,-0.4819338960772717,0.06103909076016693,-0.226905223585291,-0.42667611287930224,-0.19397186527275798,-0.32446440108431845,0.5061424905217694,0.26449192708483515,-0.0023917923949852114,0.44398324166700776,0.02321049229428549,-0.2583852603984791,0.45693722318089713,0.16167301310539758,-0.31117384629793693,-0.057101603425082456,-0.26268547601542713,-0.4148399192893008,0.2778532642594924,0.5728249921410391,-0.41957027214574233,0.16889077100717126
tolong,-0.1951927707365481,-0.14613761512940882,-0.17771817727166075,-0.2591972309039448,0.014556488383448097,-0.24928503492331133,0.08113704773395164,-0.015071432834741084,-0.07168441405992292,-0.27226909861247933,-0.1730313991704998,0.22661736774772678,0.15027515628731422,-0.2932665734395653,0.02979969162876776,0.2254161370115367,-0.5008215843364116,0.1630080577139805,-0.198787127683754,0.1711796005779478,-0.22897774696275505,-0.5414646301993556,-0.4882627313649488,0.014425483998414597,0.07791675051644456,-0.2712949875313226,0.19157773763321218,-0.49845601868068795,-0.01982393959419497,-0.363304859928737,-0.19555083234064774,0.014219601394924205,-0.2581240095851857,-0.1153666632689476,0.30188784276433217,-0.1730675608569446,0.2507076336195425,-0.33891205639728544,0.15894125337458484,0.4324705861973701,-0.7414933500381867,-0.23906857664114303
tolong,0.173121638154162,-0.0609136158128978,0.11134376201139265,-0.18119555601474616,0.025976936241869975,-0.04670317061762384,0.3503346184979422,0.07632625299036393,0.10128079862256065,-0.1235630898367402,-0.14628186722174805,-0.12976745634588627,0.11833564271348905,-0.12629534424607888,0.08693245706892387,0.6226202395936317,0.2613374110295077,-0.09780705965035234,0.36036417664918347,-0.12242261190646542,-0.6114373605533562,-0.30242589327522124,-0.5612375763077567,-0.1054540452123926,0.00552551375686551,0.5029311936825848,0.09807821212924879,-0.06573015864265927,0.24882167435504673,-0.6633405927023656,0.07068436743256978,0.23125955816609003,-0.44357587373395246,0.34312621296207874,0.10154892224832424,-0.12458637417024038,0.18983455983188544,0.6812078573413187,0.054559876517548546,0.07446617589010082,-0.13780826986207323,-0.2549533108394375
tolong,0.24910074496327367,-0.25682514777266013,0.02146987116581774,-0.143297234029535,0.14369394772391755,0.10009863158608448,0.31126198327736976,-0.1530049196564241,-0.08096248058801138,-0.2936291147346922,-0.13328797802283346,0.11319014791345565,0.22709658499360555,-0.27664959725328764,0.26088177603169804,0.4066913576414853,0.12403047096711026,0.5630387437674198,-0.2321367597310719,-0.3733964109934251,-0.5336160746712836,0.4488132934467549,0.19630969690621733,-0.01667540127313652,0.08399058789594609,-0.3376467141895129,0.7337255938850479,0.03876635459256825,0.03281843838146786,0.2177299871696076,0.14430276952101395,0.06716520728373941,-0.23714233663359358,0.1414405071407987,0.5646073489425101,0.40362601384649327,0.4779559879918191,-0.15336470292935553,-0.2968814460775743,-0.03773607602989444,0.01671747368660838,0.32825745554128455
tolong,-0.5077393889144458,0.4588650958381841,-0.047402369573696826,-0.12806432098422602,-0.30363131257805026,-0.49645700155973077,0.24695117518857435,0.021995390156521164,-0.38698826992231616,-0.3885236316190848,-0.10073540978703846,0.5007064575868179,-0.07787740540908143,-0.45094288593543186,-0.07372291922578329,-0.08181707092430114,-0.8090659928824715,-0.01628845995534366,-0.06928035906260338,0.2088619094440255,0.5546868284836035,0.3379695088643272,-0.08066660716644916,-0.3319577726225011,0.7720079409749581,0.017765530204346475,0.00417878757388386,-0.007237526133000983,0.05942542823035648,-0.04330812357718274,-0.17209860206407088,-0.16405768237211762,-0.009825981064799516,-0.16302743134012948,-0.21385373480314931,0.03192906830756905,-0.07649316522625658,0.4511978965748066,-0.7952909425179036,0.3274520555767385,0.3738255577492887,-0.6220170697224449
tolong,-0.10280627822410462,-0.11143225979873743,-0.42225350841534637,-0.23334500627726257,-0.33317275363974863,0.5256811330270867,0.2807035179442383,0.38146652849824764,0.21650161921297054,-0.33871553136516874,-0.1573560798839321,0.1468123683683754,-0.3666383426675836,0.2138995290517164,-0.0720976194474405,-0.11244624226487925,0.21328799046104743,0.13327899344581193,-0.10828984974572398,0.3477989410092744,-0.3243189982799692,0.1847806820832791,0.17793037739051512,-0.09286393179419708,0.0978399066726354,-0.3753340729155909,0.2772081057620703,-0.055470640932896706,-0.15681690615571184,0.31470276775106676,-0.21130310716282777,-0.42253838890906786,-0.4669887520571711,0.18180298540369189,-0.3841288057488849,0.5264382545953094,-0.6245788223651166,0.5089369104870114,0.06330524016078552,-0.029013933561117713,-0.16347572604268493,0.11974083430562125
tolong,-0.011290410727454509,0.3309905646049564,0.034268294598611894,0.04509052843856328,-0.10908366366415675,-0.017083687116320235,0.09234053066761776,-0.5130505177969876,-0.4044556266317139,0.22297922820681448,0.05125963143838256,-0.05519500090580374,0.005530179919617947,0.1042745116085013,-0.16192790409280844,-0.23349141762069378,0.05875357652930446,-0.2935118332845096,0.12247582671434154,-0.5107750812713521,0.3087466911976931,0.1417792447239129,0.0768089202941627,0.29480729518365417,0.49964233333877295,0.3043110195054391,-0.5522622693994935,-0.38387309002071046,-0.18744557330870365,0.007827315063250136,0.1552977061407369,-0.21772314394603967,0.0560300293431235,-0.22661487970599675,-0.18345534089758447,-0.42199832905446666,-0.27696997383327127,-0.4055053816849001,-0.2927619758931998,0.31609253898235184,-0.2848196666495829,0.7897146194512172
tolong,0.14799537026426676,0.055450837108462166,-0.25750733405436405,0.2100929638226974,-0.17269134787133217,0.03660294439360843,0.7680253614806384,-0.02881796991739496,0.34478199788570274,-0.2109529275377662,-0.010496547149088509,0.531240190690653,-0.18809011733633021,0.5437345673990785,0.2123255806366426,-0.16874003276828028,0.1897223217166563,0.29176633488801895,0.18654298866515892,-0.4710674159671369,-0.21814115274746057,-0.07425559066545143,-0.022330028730013884,0.1862016292652034,0.05331030027997615,-0.40060330761303037,0.11405935530178896,0.18317572358514694,0.16793713437931193,0.32423421766638655,0.2501766463646712,0.137754023768531,-0.021049713437594108,-0.4982882800547974,0.12888546573977575,0.062306306148933344,0.08147365115861203,-0.3830245727460928,-0.3243169621224787,0.3159458559998711,-0.011866546156996512,0.20445020921178733
tolong,0.008495512839138351,0.008926841848723556,0.2814851417927993,-0.15481341846521215,0.028836233082295007,-0.13868258661151273,-0.13034886822969466,-0.0927516370405918,0.06664013149011384,-0.1436245864990432,0.3767268376720562,-0.2683821906658512,-0.05606149324840771,-0.13191931748225247,0.43409336530611986,0.058966432953472384,0.30955336184059046,-0.44566811191109157,0.08011507976077765,0.2668892386870311,0.024685196782627254,0.31964411251960534,-0.15518653503011165,0.42280423205567397,0.6896694370857751,-0.10885156813189771,-0.13365075642023153,0.43601534313531026,0.4738716437192137,-0.15685800814598047,-0.12605604512875718,-0.08453538265815216,-0.4033351533102831,-0.27559558394525946,-0.30124223002562034,-0.2303392695312385,-0.010405466216034354,0.07026441976095622,0.46515014784422304,-0.29950621222163726,0.2952967195429751,-0.06419665326765268
tolong,-0.014839112895729884,0.2024458476499811,-0.33681660646868955,0.11472292385521518,0.04993566246391683,0.14773537920244473,0.08675059317234543,0.7365900419732683,-0.19132199527539479,-0.15929908650054528,-0.1869421579274293,-0.1666431357480764,-0.1912161381919553,0.35670495933226554,0.42615127439695644,-0.17122388812484288,-0.2497066719312686,0.14142466691592123,-0.16566691328429137,0.18987954532665322,0.06087690625538991,-0.45472323449916957,0.4642515603990185,0.5387633019286565,-0.18383660714531586,-0.11631046798079524,0.08575961721747148,0.10033703699610749,0.19756328180184912,0.6030613616299049,-0.05308416824821482,-0.2394891733615361,-0.41379576840435817,-0.2192790119825757,-0.009938091862139129,0.5383673590553363,-0.15528338971085143,0.06713638549166955,-0.004926868821825622,0.3565179820344252,0.7580797277620864,-0.15926063187609618
tolong,-0.14683183275546663,0.31324826312072157,0.2045674468878934,0.55401219772081,0.17517845559778916,-0.10778762723611786,0.17719644920769279,0.3326110741748723,0.2461446543592092,0.15218220933218932,0.32000240687674614,0.3507886771337018,0.4146476973112581,0.19461296627689278,-0.0501354240950563,0.04401410592999685,0.361952689952507,-0.24508070129617082,0.11060199266187035,-0.1180016436982082,0.008623446880445246,0.3835355587821896,0.057329720405971,0.013930964446844643,-0.4079568422939758,0.2238760698081662,0.19364525434232263,0.648976416991638,-0.09233347048590025,0.06574509829918168,0.07481510511322657,0.4732359839290423,-0.028588659716085627,0.08370645773110176,0.18236895291496175,0.05598273694690743,-0.13393008436515846,0.05822699786949227,0.3220895249579316,-0.3079545898233181,0.0398909022440628,-0.21003624448175195
tolong,0.3585139886774527,-0.4569560714351324,-0.1676765541814765,0.11316356251935625,0.4696572087703021,-0.01972507832189634,-0.1665598580079595,0.564347120832177,-0.4344041701248732,-0.6596417869860246,0.1320043350159997,-0.15061626730578334,-0.30636984513921395,0.21250693418980598,0.07314021413135964,-0.16922358922101852,-0.3840913196012683,0.26173719848404337,0.19506035338759828,-0.029752759133814873,0.5539910988142998,-0.32102542989784577,-0.45765755127742164,-0.2075724209643733,-0.01367580490664934,0.07300183479680755,-0.07237081735689896,0.10561661895428903,-0.37546182725713323,0.4331293812219778,-0.02464535351777064,0.3351887494764383,0.10281760391331124,0.13702596574613518,0.17093018406966118,0.13431256800519448,0.19281682796026317,0.3987457590397294,0.05895635091044103,0.2127011272765537,-0.026920708286168014,0.4320351646348418
tolong,-0.2029176906177809,0.5402821298732446,-0.012047385193303022,-0.42923253063541444,0.03843132447323678,-0.20431549724246426,0.25219306469661723,-0.19578719379071727,-0.1338550299644339,-0.5668622192836593,-0.13569189577472301,-0.727163797988687,-0.475170847045717,0.2281243968432892,0.23574004759524964,0.12763726853548943,-0.29009284293876386,-0.014313406842593955,-0.0010807617271705212,-0.3475094067577628,0.4510194905301452,0.2632086871727014,-0.06628925214889918,0.008065751698359233,0.06251484238426575,-0.6125204605272871,-0.07415321475617907,-0.20459527439933956,-0.30048600296847466,-0.08433008786578647,0.5393059580548567,0.19225285838010295,-0.17135369693483904,0.17177483440684757,0.4198066309758006,0.27739010487383065,0.01788911097605224,-0.19408103331167217,0.20946699408407696,0.11804561562652488,0.26855796600831966,0.19055154050459086
tolong,0.31486581459580054,-0.1605705634681704,0.3952182196902977,0.05927988140771989,0.6225782617875796,-0.20675634542687035,0.5207891409495747,0.05937323503879433,-0.1954254010843345,-0.14516575021629646,-0.09610419245829604,0.12724978392057493,0.15685064641064989,-0.17211000118157369,-0.007306377678294852,0.6426811075835591,0.5182629510302134,0.13089710090220963,0.011401043450460085,0.03600939801547839,0.18405539181912497,-0.30683776955952163,-0.07721296122700352,-0.5005752221632768,0.11976693678158377,0.1941587819108223,-0.14495593868981219,0.47219602898700985,-0.36772969890070234,-0.43931246406294605,0.06733554556799161,0.3141294907836463,0.5051783074373606,-0.137665278860682,0.3236042500293887,-0.011552540850212163,-0.05178818998224589,0.2650979812460017,0.19569686352402588,-0.4729176470952748,0.4429621049177687,0.41402740624423545
tolong,-0.18766881045285883,0.1187410600312227,0.14820905588482164,0.07820212974717212,-0.16509154615362603,-0.20148701038141545,-0.007666221297433583,0.3518187057778094,0.1630800463783297,-0.11118429962583178,0.23150961319450342,-0.8545627861890226,0.344629710111631,-0.5219141336334299,-0.10873228242093964,-0.33590096838784317,-0.3884044427162717,0.3482480362135558,-0.1403103603935674,0.10395116451921473,-0.01407617366375522,0.14311224816693643,0.023046567318076607,-0.3848976672565709,0.298880045834142,-0.14812697494839375,-0.46697456959792527,-0.12843454828977374,0.45022793719029325,0.25506652263404783,-0.10459564032235776,-0.10477731129552863,-0.09649051536521479,0.6230243950682522,0.114580635669466,0.12901249415732088,0.30908503620955263,0.07163674770795406,-0.07771264374621094,-0.05890495472549348,-0.021480377824219184,-0.011166670952952477
tolong,0.21828886309109394,0.01558376574218983,0.21979202316467375,-0.024214974032574697,0.023590557094827175,-0.5994602053596323,0.2748983024107444,0.10394654276939781,0.29940303295789567,-0.8688766134581067,0.6265124114342182,-0.04187688844655212,0.33245484502125494,-0.31197177813765925,0.1838321715187709,-0.31602466895209685,-0.18713068820874154,0.5742094061600358,-0.05720472022900397,0.06522986195391686,0.2610203192066263,0.1487045663917814,0.045125671543072926,0.10948830073986762,0.7210246755714825,-0.017285639110075617,0.06032971401449025,0.3151963188022836,0.33165777988739514,0.35610909166811405,0.19161906660875538,-0.34290147381914504,0.49002945969032874,-0.34390361790560636,0.09079063957170996,-0.22628275500580736,-0.019241503977897763,0.09862872309104412,0.09640716463508192,0.12657622627058543,0.4841133807175941,0.13606029045419393
tolong,-0.0732469905871946,0.2892261504865072,0.35684114667739214,-0.3682823445410977,0.1792200209549574,0.2103518226932695,-0.08926905100799758,0.4127120439934858,-0.045016676109758014,0.03767293604146268,-0.05192154728516088,0.00467371427444026,-0.32888252606856055,-0.4320152647782883,0.4783515189674916,-0.25408840449549835,-0.2974177048368921,-0.6460170340811144,-0.19168852430685066,-0.3969269380222495,0.4926045480409107,0.30294512680279023,-0.20644510355331713,0.6757307416032926,0.2945296460974783,-0.09744941505258674,-0.7498217144620719,0.6872827717772225,-0.4168717400290788,-0.4936196240870675,0.30677112960289205,0.7319257219017818,0.41528184555315545,0.16917273601570787,0.17842630249958577,0.2560246676340923,0.22767857693602953,0.08435742719081274,0.03126033118556282,-0.018777938369856723,-0.22618937666000288,-0.08420252306003222
tolong,-0.5078870442586156,-0.029501888038424965,-0.2965773321452752,-0.33107679516473126,0.05396824534604353,0.4176006859033798,0.27549498180069387,-0.47115018108695306,-0.29688844097110123,0.28223135639646474,-0.29474621806149287,-0.06738994499910737,0.16501562970736555,-0.2905033364590906,0.03161265184378797,-0.4002076484754613,-0.18041029318536408,0.0959345802427611,-0.4778981200595008,0.13214242138811969,-0.005891339678004364,0.1657469863251443,0.06717424021939843,0.40924212899215323,0.03756735079437218,-0.1288216623375759,0.03668925090968513,0.16298940871091636,0.014658021097711298,0.012177507361164715,-0.2105975063420266,-0.19887027526528445,-0.420781581539908,0.5248730229560817,-0.3731589706173855,-0.2078715593387722,-0.21552217967075923,0.2684773130833324,-0.08848490348760833,0.3743226218021201,-0.20204718727316054,0.08369824866714058
tolong,-0.2506041159779272,0.6435447383320164,-0.35627952570885385,0.09294621306810825,0.19013306427962953,0.12413972923544947,-0.05558629766331249,-0.03894620992002785,0.01314344159373288,-0.04410060048854658,0.28916373503847287,0.6631569004774054,-0.16724753550235008,-0.41094089387372335,-0.026484614505376446,0.7739128012962956,-0.24110237039091922,0.49173504163322024,0.5033102442229321,-0.16607647251239838,0.1706949237555826,0.4885189869385614,-0.11373832229624611,-0.06107410803070853,-0.1745042741845931,-0.30442701920786003,-0.19478326351980213,-0.36718208002867697,0.010225040477767821,-0.23099196931759253,0.0701357735372243,-0.46676869386108816,0.09926406966433711,0.25005868848267737,-0.5981206927714366,0.11221697095427163,0.36830069774198765,-0.36289230560736163,0.501771716051311,0.12570570280981355,-0.21150355672752266,-0.016730723297311803
halo,0.1674980737565167,0.02280161742372345,0.16162679773391075,-0.27620207792380985,0.050808247210823394,-0.42411434907149403,-0.033367818404610096,-0.2711722924394369,-0.22065898277692997,0.3708279525631312,0.3273930361782807,0.18274143627215308,-0.32769382940177366,-0.09492253490844058,0.363929309993755,0.04251507409197142,0.6957988619945082,0.11799535181831156,0.05761473494700947,-0.09273493926075041,0.040062271434684694,-0.04574095091416317,0.21243260300657713,0.28701069503837523,-0.23579683815238484,-0.3993698860673334,-0.5508616119309889,0.1523973980737631,-0.33100998185216207,-0.6458671778857449,0.11657358135928922,0.7478998552298372,-0.001821273461967997,0.25154723233549253,0.0245488075642695,-0.029666895957342797,0.27572294489633054,-0.0870823632565954,0.08021769422157088,0.09650934185880408,-0.20042713609291463,0.2976127048609568
halo,-0.05248792700862259,-0.2267235478478534,0.16095295307112106,-0.26954039453731116,0.008454347210738474,-0.002735698993261063,0.32576866974947344,0.14240946986398584,-0.007508087623543175,0.24532988976008613,0.417062264705194,0.16734309190555866,0.003105785953014182,-0.3935508697050479,-0.31953409892261175,-0.0915674113064003,-0.18285366064778494,-0.0560913908956338,0.016994977469132148,0.15890782630701925,-0.021149633417727364,0.14595049314786057,0.01934232444303607,-0.5926399699061614,-0.2818006181456263,-0.04322626671648464,-0.36290842285233227,0.17997861899886133,0.4592252497031092,0.365628555509195,-0.0640328612790624,0.4472178410549856,0.044600237160633466,-0.1011257913354118,-0.18402079906228191,-0.0907409059464385,-0.11645304556236863,0.05112486671264631,0.04817219431495937,0.0009138060460243408,0.13108145092390494,0.3571938824359024
halo,0.2848662406323971,-0.44546939053497103,-0.7661763404705865,0.2802959733717821,-0.41006360952462634,-0.06742962056780506,-0.35103390781780786,-0.5405941312740059,0.1624388184614364,0.22774654809079403,-0.17295312021801582,-0.7773126876434729,-0.16387333447574481,0.11754120162076395,-0.4436734706322386,0.05500797593374669,-0.004592954751898667,0.17378744988032652,0.035874110524245974,-0.29192068226446666,0.35897145049934737,-0.047558871908091,-0.008191361852979558,-0.2799803877219588,-0.1329846753574531,-0.26544081420807025,-0.051883817977026896,0.513512544042703,-0.4115703428794069,-0.4840684193630223,0.44135109824808255,-0.06279710314555983,-0.20072182159797497,0.3119714062188229,-0.18168466192105923,0.5478029140640809,0.2033777614017807,-0.1463734224437108,0.647192463979651,-0.1817144769010015,0.2226286116027921,0.08978777412194758
halo,0.3905223868196394,0.4684533590180558,0.009601244719729988,-0.22602536110385502,0.13799164288173493,-0.20331461092563183,0.6040161742579869,0.04096059932482123,-0.1095964653936326,0.05540409175947252,-0.40413788685890895,-0.2914842115531954,0.3601241723833276,-0.1970682836914187,-0.31407329480458185,0.16099582575818586,0.35571124639889906,0.21568599319952,0.2988143057417449,-0.22703852657083823,-0.42654320002255314,0.450400095586646,-0.09680395165264072,-0.0752499049365142,0.39845824255471735,0.16686900282019798,0.1367663316244823,0.6495007034703252,-0.1930554691140429,0.2783520384243711,0.01710393746912535,0.08057768365897708,0.4585405279237595,0.1523507268868871,0.16148882371488987,0.3217522011929406,-0.1094858188628656,-0.2517629002017019,-0.31344275820631007,-0.5899069768128005,0.6168621389820966,-0.3309625097165049
halo,-0.0663760870757316,-0.0830439899666762,0.09222200934273021,0.244721163761789,0.2581420465079236,-0.17492323157068154,-0.050136514135923446,0.08477398514648989,-0.07460733785506413,0.48220367280599774,0.1472924854914754,0.22046333581494523,0.1988643806002238,0.35204215724559745,0.05430646761111208,-0.38904958438675397,0.11990638552579247,-0.1954070681375487,-0.15858500452492705,0.17590920562652798,0.3714849214300907,0.006381473020818495,0.09264990377968914,0.5106644833905714,0.07222595384657048,0.7805049342541185,0.16965289368946324,-0.5282288277467453,0.22600248633135975,0.11434751546483332,0.3869258262248237,0.2019544053809875,-0.04153679519513214,-0.3672894708868097,-0.06270697718580757,-0.25515613626279005,-0.1741570349414168,0.17657352132618287,0.5009713513054218,0.11840145894689433,-0.3587649186105553,0.1333808004660422
halo,0.3589894459936953,-0.18293487129581465,-0.04020515000187531,0.0044064584187591275,-0.23546949392467198,0.1944841301531577,-0.03628444458233447,0.12585973317210833,-0.26624765334063,-0.13123749009702312,0.2167144073483314,-0.11184994562753009,0.5180891553700215,-0.1198908556843807,0.06740541772556577,0.27977724956192696,-0.4255097198799095,-0.5282426435942328,-0.4576968943710284,0.37877523102815464,-0.165557443767734,0.7674597857004757,-0.16927427959721658,0.05536539095911109,0.46263298577036266,0.6018278664477369,0.6184510729909193,0.3625098691779427,0.3072187577434387,0.17775808476035493,0.23350832284999132,-0.16535571489856002,-0.24545966502669214,-0.0010123372232856153,-0.05105538675747853,-0.13596841479818256,0.20891623423701458,0.2865915625711532,0.026522065887554205,0.44325902431657854,-0.3425067342400515,-0.05809783778391543
halo,-0.21504669618084146,-0.5599609851219179,-0.024804205752809772,-0.03652425251498506,0.45403492297263925,0.18924350536643325,-0.3072560472987615,0.5562277699002565,0.3663101086576059,0.17462931104058474,-0.06794522965494958,-0.28783177101704394,-0.1116620328213159,0.3266245859112558,0.5653758917803827,0.4629730584816567,-0.14665482653588222,-0.33588522998670334,0.04226587407336118,-0.5305318096688555,0.09695031425543443,-0.0442807758896006,-0.13981095056047266,-0.4784109201800386,0.15408003197091497,-0.15981025189857342,-0.3509750507130864,-0.8616786639844948,-0.008254471515190875,0.5316754790009232,0.498377764364361,-0.13712887697588155,-0.18066361810853415,0.14063227682250712,-0.29951563175648743,0.0905375699458398,0.22982408351540706,0.3680799671652923,-0.03004622294398583,-0.06110212505308976,-0.2633947760269683,-0.248064106211958
halo,-0.06794366757045803,0.11020965204485342,0.2740753878699748,-0.24095368520410343,0.4478065706878565,-0.08133708031277063,-0.0064101883045308465,-0.22416350374434701,-0.7272720780818824,0.2652136189083149,0.22105316912773001,-0.08439826713546401,0.020097215167461574,0.15478176531122984,-0.4687637570659628,-0.15871580320388842,0.2382794038865481,-0.3762868269507748,0.08806737964998879,-0.4069745413870215,0.1399289947300579,-0.01069244468924507,-0.48453954477165284,0.3494218063371514,-0.22037747303941477,-0.2430757311043143,0.060170759169282856,0.34459120482861455,-0.30474654569351906,0.018503954954391496,0.12864495009917187,0.20793168217894323,0.05293246658316755,-0.1101083517249967,-0.2482770661946159,0.025843164913912427,-0.32164170359568206,-0.8764051450483822,0.13096794124730035,0.2711804523258586,-0.7088797306625515,-0.3029192114129812
halo,0.18574627830155932,0.6172486409135096,0.006238112302622368,-0.21840088236874033,-0.05486893233145205,0.4124629257444554,-0.19378925373736058,-0.23975760199507606,-0.14482305665460973,-0.28599858247761367,0.036801094798438655,0.4874035375408682,0.09692378193480872,-0.07570605063788628,-0.08754338067466323,-0.46895724260899707,0.2649329331441477,-0.02335115910384061,-0.05414397407718769,0.9579322703534582,0.08962587250970587,-0.22553731502855529,-0.12790727886166298,0.34453371275902644,0.033981123161329334,-0.43148339349521,0.275768680372561,-0.20044322566169817,0.5619893328652636,0.32401441971439454,-0.13419656869762536,0.38430490852053384,0.020356653158220987,0.25583210253666583,0.14541984518834242,-0.25390699649726206,-0.1930649496952386,0.30898824527434837,-0.10043259963196226,-0.121094538972599,-0.28653677380480586,0.1270797196780383
halo,0.6187574757729435,-0.32025987427628183,0.00726583700182742,0.42366616662462875,-0.023892417373714545,0.13571153887492016,-0.3187180584440639,0.12849212916229458,-0.056143279501364635,0.2957189987039589,0.3562158154694253,0.7768690926055841,0.1738899519640727,0.09773889497464994,0.058315290473200804,-0.1059498878432065,0.10154515303850734,-0.08862042304170882,0.05053829288088429,0.3952792606823879,-0.30196276958389234,0.3419635683387136,0.39513452020195955,-0.03542055809732362,-0.6365564697025784,-0.18234659612832974,0.38909836396833275,-0.006860418689664636,-0.29979066968847323,-0.1514324763684652,0.2521860079513659,0.16402007046041378,-0.07167962975090829,-0.11004732354440626,-0.11752744471314656,-0.2767230553495508,0.4846127068408325,-0.09669614076340197,0.36514755624764894,0.4563948155767354,0.2994932694443881,-0.1294860938154145
halo,0.12111902710098282,-0.007258681917274849,-0.27111055821903846,0.0973077845164809,-0.35371193734794076,0.3563038165384691,-0.13938518918951792,0.06034789676185179,0.08498636146384264,-0.07767149211122319,0.17600814044258242,-0.14247109698675733,0.26138918923717325,-0.40379390407402455,0.037913873863923545,0.5816786997174854,-0.3000993973816724,-0.20332349115745543,0.1541723548976745,0.05387453458187939,0.10518902978206776,0.14675613904429904,0.19041644056853096,0.33290995258686695,0.12294559707855376,-0.07237729638556273,0.20177211036081938,0.5699645804685647,-0.03979012391477207,-0.2923587914011924,0.33212420078609184,-0.03611434918607947,-0.6518008638042109,0.25422650314512646,-0.16059845578617682,-0.02715998469124823,0.09959409917070436,0.057149903933719916,0.21283554514171185,-0.130645911170953,0.15393173945282482,-0.07786400327517516
halo,0.2216431442662509,0.18461024520391603,-0.2806316106133786,0.32579463485250965,-0.1607890335342144,0.24241733948434352,0.11018619402040218,0.5514551030385367,-0.06703979471155563,-0.10479503883545925,-0.005825881766319783,-0.09095393485028262,0.23998257058261502,-0.48489318253097635,-0.3161047257439062,-0.3203408764737579,0.28509227759207273,0.5131840117745775,-0.03133476556124145,-0.05064651695700319,0.021015648933954415,0.34856349078245713,-0.2782059402571722,0.07151069482043554,0.29255928893472893,0.15032825098195357,0.05687448497962302,0.3003138277701423,-0.8109696878997711,0.20336259585927227,-0.19622270493822713,-0.549189869056937,0.15336077985749422,0.4120975635488873,-0.04123455438830756,0.2858623641608816,0.4836834773965936,0.3944743360752142,0.49198935881141787,0.22263824732156767,0.022630091670477838,-0.4805897435691505
halo,-0.07381874643898458,-0.2529739785948575,0.6512828152493441,-0.052765743729700984,0.0369614420353457,0.16544561281214026,0.013080733911736116,0.5085153121292258,-0.1867948085203356,0.05838223657117281,-0.22274117570941446,-0.3960067533662117,-0.18353072727158562,-0.011111039114523606,-0.128790667355178,-0.20772629396215678,-0.42189523910155013,-0.024931671788608428,-0.45141611220930067,0.22801678910688078,0.024731925880350985,-0.4372654498394792,-0.09276272311495903,-0.22564692167717493,0.09575235312575413,0.4021351338069434,-0.5625517408937234,0.03450782374422515,-0.04803983866999212,0.2014020229351397,0.06395898847130674,-0.2255907995216457,-0.09571618069998544,-0.2388077570410467,0.3228021415795795,0.006393494601582666,0.5703572057259022,-0.01819824414438623,-0.21252203007313883,-0.45411431778384814,-0.5409419028767835,-0.4752407829016469
halo,0.08013799530344502,0.15261750696898016,-0.47435721060964,0.2685114942228346,-0.14491831550503184,0.044037903595664805,0.4836661884766273,0.26905179475965957,-0.08055919437174969,-0.26735766762458624,-0.6455446203987915,-0.21574599577272602,-0.06333907164830833,-0.29615385814535516,-0.039377090127691416,0.023055564887630463,-0.06745679454242356,-0.1950007742470379,0.050596401590018304,0.1325821948708227,-0.3271197232328538,0.42327971392388103,-0.029576439685278517,0.005654886883454298,0.21246432697696713,0.0699648393790505,0.2859409901739735,0.08613724956054726,-0.18373121239213136,0.10845105756183049,-0.3431178621961985,0.03256791173295694,-0.00996899719333824,-0.062435057181761906,-0.038561253431679224,-0.5645547136492917,-0.16461747232228843,0.027853470342334413,0.04795691759922011,-0.3083025422777874,0.3797123522594102,-0.25985245446435024
halo,0.290837160158021,0.12815830856150545,-0.19386819295314092,0.5325932677828535,-0.358091049526944,0.27574625208300046,0.3001746954128935,-0.20118606272299347,0.4177395900192986,-0.07501395437968583,0.08660808878395711,0.07809655163136621,-0.04029262244116434,0.24324248194793463,0.2380466161656639,-0.5245595919714542,0.39130207286344576,-0.49874759641070227,0.30976386130249717,0.33801154104827497,-0.32728992906455945,-0.12324428638637544,-0.3317114005457807,-0.0644763090866206,-0.09241028525572237,0.23389815968080194,0.3930926238358825,0.4187051432369868,-0.16865040797349062,-0.06276656212335834,-0.5050314576662851,-0.24176101994885663,0.28945548992923725,0.4846748470644695,-0.3703046615639766,-0.17773927774586826,-0.00792172708767811,0.08404834764588204,-0.24288105597649384,0.1272183133392269,-0.14215180412127484,-0.004335681263483731
halo,0.16388527440110986,0.0019266809432813448,-0.13091576715797057,-0.03288294117774925,-0.026508887761600597,-0.11100330896463831,-0.07763881880013071,0.47959415115141507,0.16827583438237162,-0.08864409540874811,0.2090863213532207,-0.10014584692680298,0.3519373912759924,0.11089265765942817,-0.032190643201268666,0.13431507774308327,-0.47126284562054976,-0.3380302406729416,-0.3581775019197166,0.042882928429112024,0.5197544998455276,0.6693900438577897,0.19141533043222714,0.15025334248333708,-0.5403173202458217,-0.1628021399202065,-0.23633512557247166,-0.1862542794753348,-0.05044314557543688,-0.1416271733091382,-0.5937899431127363,0.22437307683526014,-0.32182290772194194,0.07177405923334486,0.622224800924992,-0.275815377475927,-0.7590862568238989,-0.08580126656403324,0.3302878904995713,0.5875042362661781,-0.36886487833572507,0.1490097669709565
halo,-0.139593137034016,-0.031784506291240695,0.7933030041051105,-0.4508910985185459,0.07612189844837203,0.14030795152962994,0.32573589748180415,0.02939494604126863,0.09241516185123069,-0.11749457022653732,0.0807380823735322,-0.10295768264922314,0.18647156695681524,-0.11088310081309019,0.11313011817065594,-0.008778844105493505,0.33781507523165044,-0.015418117076545872,-0.5319097404620644,0.3785764502141975,-0.2717196902587857,-0.19612990159464594,-0.17869838821304762,0.41233142795124517,-0.6407022641936087,0.941324560097998,0.31681704271981553,0.06697167423874789,-0.016468200184885914,0.08566622245729708,0.15633672851380148,0.1935646757850171,0.16668133980103453,0.026874204376574645,-0.05920152609219782,-0.045381985096053505,-0.0584724841058043,0.3401310290601193,0.17806701668425856,-0.882116590399284,0.1967702329589283,0.05842085841563245
halo,-0.005612626933769225,-0.11655553592666575,0.33723381599580404,0.28425793863685733,-0.23186330034708272,0.12211568613736053,-0.2914970203623858,-0.41388544943667915,-0.18801516737698953,0.2587180417148276,0.285937513612826,0.15392562602918788,0.21752873605439912,0.15485348613448752,-0.19244447856688565,0.1295767634021822,0.24012285756830468,0.22628739894407227,0.35667401144239286,0.21249115416031913,0.10543446226247487,0.3210450714949282,-0.007956377774718018,-0.26456239536831533,-0.048920089183129165,-0.2234707934419347,-0.20255348249231445,-0.04335560121465535,-0.23772597629998837,-0.09238845889171209,-0.5680844000861357,0.06398811221188157,0.00036164260866727106,-0.24512658932045717,0.1977737005297215,0.2812710412879675,-0.4822679593106922,-0.22881743356986425,-0.23074270493618945,-0.2819709303326594,0.24884245257952453,-0.05814784163184106
halo,-0.07935445239318323,-0.601158709322026,0.1906254090627679,-0.37177751845604173,0.017979789079898476,0.0832130813874575,0.4081975787515953,-0.3926461197357336,-0.9058536467462476,0.05515486342610846,0.5401533544532561,0.3716839058818312,0.06289782458238773,-0.1474908556896142,0.2421367789911931,-0.2920638599113406,0.14290733080686577,0.15164104774998804,0.3180629722496639,0.8278980116733233,0.1177247901536301,-0.15268908771224962,-0.00767229365759833,-0.5307227714667354,-0.20841393932671745,-0.12278473143393119,-0.15722651938037774,0.0457064616101166,-0.24672597971466015,0.3363092001973414,6.211947545912816e-05,-0.0027900963415843252,-0.09836841495387535,0.04655720515769374,0.2475294794002904,-0.2601390647132701,-0.197434946722577,-0.0911178086329994,-0.40376127704196446,-0.24577735791644933,-0.1428662620633977,0.2623167542138182
halo,0.07876839870057749,0.058076973410263306,0.25526938865039167,-0.04121153651981899,0.11713945497866687,-0.03096652587974887,0.07960870481988853,-0.1748275972834746,-0.7316451474829287,-0.040283748655891245,0.426824440829982,0.2778646206724777,0.2896192453773512,0.37083921654186536,0.02659727728843123,0.05919471222167867,-0.18529556863030505,-0.09482185680811493,0.18473134493134247,0.36116533115064486,-0.041833882704299864,-0.13505677945542346,0.00015838765697918784,0.18036202467873444,-0.43315644484006255,-0.6888542859411714,-0.16516105484747506,-0.3662137277742476,-0.15244205929419327,-0.044334095645241454,-0.13597452270690402,0.4357402603412236,0.09802342938069601,0.09014230788324851,0.18666214321302058,-0.3416499353342307,0.3117335362260806,-0.022729285960637963,0.20114418517236377,-0.32155716991204664,-0.46612762980481925,0.24536689740750858
halo,0.11292285782925497,-0.2706154663072531,-0.2608989243824083,0.3376304353244308,-0.35682356786019837,0.492801885976789,-0.27018622039436063,0.1915175776825149,-0.09858554272469539,0.18095622932470293,-0.16323420063425778,-0.048837871821688264,0.01227575261871634,-0.3006562367344418,0.22224730362603776,-0.15396406994147557,-0.06857997460200557,-0.2983048123825537,-0.7687000976385931,-0.0573083287800507,0.7237846264838748,0.23538128636940714,-0.0057781139203183915,-0.0788672487624803,0.006739767843613914,0.16413573455256297,-0.35424384459265346,0.3342965084006616,0.21461439463237322,0.21545571771238034,0.1315427216429182,0.005884997308196971,0.20185837079004595,0.1775442401224134,-0.10621221328230714,-0.17208053186907027,0.03055688857859601,0.4647060454485562,-0.37173212269617023,-0.440257579725732,0.04942825237095502,0.015266310556805418
halo,0.05200249931112246,0.07318595937255007,-0.06696067639044154,0.4469590315806246,-0.48027119354295467,-0.2485491074340738,-0.030976428044714215,-0.49295664334625017,-0.05275632132962135,0.4984410497184054,0.006265946488788536,0.06921027171560504,-0.37804942955177406,-0.18490842241184324,-0.11255891409718109,-0.09531452902687021,0.3844931385011306,0.16730731821753736,-0.3334373870811096,0.07395143352960146,0.14946652454903553,0.34204471155637994,0.47416220597051206,-0.3045282575483606,-0.24325725336310144,-0.37727335767438486,-0.07020595773209441,0.13990751233390034,0.29620035497673053,-0.022785307092756828,-0.09595425697645318,0.04552739767462211,-0.2505428704890069,0.626861616508432,-0.4822983081354176,0.05542217366871734,0.6070818657688918,0.0020399533679993304,-0.057011710500448336,-0.10723362684312815,-0.05411750452872235,0.41185454240295905
halo,-0.663558573398852,0.46003011038889763,-0.4271871457350435,-0.07999569877032443,-0.12877332608959854,0.17656598093121592,-0.47943730556512426,0.13865179982458284,0.6072928869860558,-0.4089522013778431,0.056911850283118695,-0.1985946533389827,0.12776616185791073,0.005744333224725617,-0.19244607271329287,0.1463616854613222,0.5413044329360229,-0.0572711375181896,0.21592738264445457,-0.3879818873613491,-0.28693091304540264,0.1417218833641132,0.44523480856078945,0.106684004635698,-0.0939174091569463,-0.00021257837299377516,-0.37512232019091524,0.18135459790661002,0.26469991869702275,-0.1356270998499241,-0.14101264432785043,0.07976346889561454,-0.13101592081217864,-0.019839784387746737,0.6299165367499546,-0.074107710223799,-0.10750204560636666,-0.19426254169054774,0.22325759144998103,-0.0543672519654309,-0.1948119114964278,0.3963912096819036
halo,0.4258809013540911,-0.18012706972161155,-0.5599619854081849,0.30225410695107663,-0.20538894772800118,0.2371876797488306,-0.5910311453135506,0.26777920148979273,-0.36335157878423435,0.21922923571995734,0.004281920350930232,-0.28618182581899343,-0.12211089387803414,0.20589553708701022,0.03176833593457027,0.17532389414174526,0.5929321753546456,-0.4692724835133154,0.4851637724905872,0.03130678125696388,-0.26963521449693845,-0.3990940877216969,-0.05673611723311005,0.2764950335773378,-0.03826473611326026,0.4533464790742042,-0.43535270701546763,-0.003626684353816368,-0.3757180333239357,0.10908956478749036,0.2660662170291901,-0.12622853810431597,-0.7812641569881402,0.059684444038948355,0.13102156552005284,0.1212884264885093,0.3707346575466462,-0.32131610389471466,0.2040648316351348,0.3577522537433925,-0.533576275201955,0.09589554777569316
halo,-0.15125394930230143,-0.024456801930493766,0.10430294506150091,-0.14616856923406568,-0.20271242374848353,0.01024572524640738,-0.32617378165884076,-0.3257475386655556,0.203811984886951,-0.3446382105475968,0.19989375027276357,0.13877738785618535,-0.517742018637179,-0.20326939570069652,0.3582328209142117,-0.2943496593419045,-0.1393212786928163,0.13861826797556895,0.23501715278477864,-0.0754616658133487,-0.17925305840749248,0.42671095850955226,0.5216698991392736,0.29365741523453864,0.025595442769507214,-0.2424797164922779,-0.24913332196696958,0.15675423157972723,0.12551946626660512,0.4204795778839288,0.19513502776084174,-0.45092409052794535,0.31558428531687555,-0.29941818819432386,-0.11519138158570547,0.07506006187550834,0.5987002469351893,0.9329755668016082,0.18201691774085482,-0.05495898561611636,0.16035169454416506,0.2662966277621508
halo,-0.0962002876671575,0.5385634067736966,0.06902122775742062,0.14932292672741826,0.1997772756163384,0.1264759831843367,0.25168215014088363,-0.18517595596407696,-0.16749052618380916,-0.3300462698915085,0.1318503691860679,0.2336809510536342,0.13733185984556573,0.5023477300042611,-0.0016788056487139665,0.20062249667775378,-0.3275102628417943,-0.11612991074232029,0.20866132726973324,0.2547306332229432,-0.08819008429925466,-0.021479775557420047,-0.4553621240042428,-0.1071087602419828,0.26711494905593586,0.1725615048319699,0.1501997164143629,0.014932106154288022,0.0021189475884529356,-0.19809634184203412,0.20964852606076043,0.12629188331681693,0.14760565439783976,-0.15781045280027411,-0.6460028759613733,0.32914581352610867,-0.14365123680252123,-0.25883272921293615,0.2080436735741981,-0.11760379197573888,0.3179809152139865,0.18510178487300924
halo,0.20507079696014327,-0.40978671336016026,0.3635831956159201,0.07837515937015681,-0.11078314177386094,0.04301654020267532,-0.532870569869496,0.12259584344420124,-0.30881145245462144,-0.40580108575306034,-0.4567077558653673,0.33380651249697757,-0.18877901810783662,0.46011831297494976,-0.16074043891568934,-0.512207387277884,-0.3349573319845977,0.37074348600208157,-0.046769453381000255,-0.16448618894718028,0.048005467755836306,0.15053482085026348,0.33521964477073823,0.43454976896787784,-0.10793059373672571,-0.39781430582461147,-0.1240395483369828,0.07808415197486585,-0.2891276778631833,-0.28714527446851285,0.10313636446496563,-0.014595705471135343,0.009839098623475952,-0.22754860041002084,-0.06912021426173019,-0.2772699432804913,0.26705952333743604,0.31057480041712576,-0.5538563586714281,-0.278853258057723,-0.4489587765270237,-0.19500718032206946
halo,-0.025031390937108256,-0.434893565909559,-0.2765579439375939,-0.30118721162444956,0.06218019881968319,0.020803301110875128,-0.216521266001176,0.053046261641819394,-0.1640040253761796,-0.08149653309781597,0.5020356270895611,0.4021383155371044,-0.38987437107827927,0.24891972536375234,0.24341896634747762,-0.34447898662578547,0.24563329312645818,0.46137957552376585,-0.33676344187332413,-0.2752508463042791,0.30529844005305073,0.08144859324769439,0.16544288257185696,0.10217676492014903,0.11720877627844324,-0.39794163849332487,0.31419531198643447,0.35087699772833203,-0.06881722322040833,-0.013043084944158729,-0.45933225076671663,0.15427642680535045,0.1716172325142432,-0.0186573050997933,0.3373060079611508,-0.10022316929398216,0.16938177776808008,-0.3058993016076347,-0.007065645262271436,-0.05230627737085075,0.06759237661228247,-0.11085807865000757
halo,-0.03944177870150034,0.2478141514324519,-0.13102927117146523,-0.48197313022160376,0.5248751712616262,0.41443622360714594,-0.38767880853168557,0.2069123415735583,-0.15089243116540293,0.07904616459931786,0.08826723870404811,-0.0703223400948966,-0.23512969967591893,-0.2071623156948778,-0.2748575746443727,-0.2495466624691334,-0.020153487014806577,-0.21472799673322554,0.20461561971378597,0.4461738466007782,-0.17401597241101288,0.07182135016061311,0.14990553309088014,0.14160068127578232,0.022786580374826223,0.22280472550791672,0.14467468580419715,-0.37129872669818936,0.26074681931678195,0.2661872511800226,-0.22898583125357447,0.011381350634280607,0.2049986978433208,-0.06279414587380847,0.3218934143298035,0.7091617483858083,-0.2357958097904947,-0.41431338094613246,0.09114557868146271,0.21646875153784303,-0.06925991215343069,0.4359781989963103
halo,-0.4015817399169746,0.20787558690948332,-0.181758246227668,0.515813371862189,0.5977546059504355,-0.22999697633500435,-0.16486714077257403,0.25787636609394055,-0.11613919493685437,-0.013623365379671466,0.007616526162723054,-0.5759019468592969,-0.004151323828271175,-0.20691833221925215,-0.1479368467199316,0.43308960104064426,-0.37695206828377686,0.24396155602439318,-0.08368887909954255,-0.08392805054875031,0.23711156881551337,0.10201538837066713,0.17118389916585927,0.2904553981598583,-0.09939251495499682,-0.18367102035232508,-0.3255451579673394,-0.24762315899368653,0.8847283275926175,0.373403874221036,-0.4053223098624064,-0.39673738702307104,0.14455981851554744,0.1641794392133901,0.1646651505952093,-0.07648673806610935,-0.03763627800087006,0.09836385724780722,0.02576790188799912,-0.6657901118242605,-0.06893988917255814,-0.25542193027809407
terima_kasih,0.052563425672553614,0.895577700781023,0.11024449964229131,-0.09405890585171937,0.27654045059317567,0.1448063661627638,0.1260283471355524,0.1820551779647013,0.6169630694488624,-0.3392665305977747,0.14208962304343634,-0.2779143389944615,0.16665379390267449,-0.2756059534458283,-0.1252100440815253,-0.08852697427137189,0.2927450158034127,0.27553633318272414,-0.37371521293391535,0.016480233299954617,-0.2128739564247518,-0.37755147320260035,-0.06510511512731113,-0.09254483653674592,0.7280149459036567,0.12988794760820885,-0.41328525022627116,-0.16943220125128267,0.3064149886288195,0.6265328318609775,-0.47579499367138745,-0.5639773155417135,0.5612895526115347,0.11688425321127116,-0.26048781956290995,0.16038872583673058,-0.7907243217050633,0.0010126519791482996,0.09834635185292558,0.27728104186134894,-0.3041687856877613,0.02570614842100771
terima_kasih,-0.27762738781787616,0.07661512670229513,-0.2686038967089072,-0.12243025174806618,-0.29874461843706873,0.19534087254709712,0.2575353349969996,-0.07038617098722413,0.0114713984880085,-0.43457742439006325,-0.08990299440203611,-0.015061385112523433,0.7862379273089924,-0.33359010773224906,0.43925317162573124,0.2990576320397424,0.08419092134704091,0.52758614525854,0.11163164178205887,0.11674775870037861,-0.015936195905263604,0.36707066472558825,0.3289407701432651,-0.18770318624886373,-0.3957741583796302,-0.06089419121869712,-0.2400115693192939,-0.01905737238460653,0.37123144040524175,-0.137190496526037,-0.012847014393472463,0.017406820442518567,0.2545292646615854,-0.6740668001953816,-0.18201008842958902,0.06338510768384181,0.36002368692805836,-0.14757073425186154,-0.5629658118125622,0.18591343378984088,-0.1906087166476888,-0.3568999977271084
terima_kasih,-0.1873036169139672,-0.05535760729675486,-0.18142339936146382,-0.6616698171297207,0.26911985906613967,0.38246251238361667,0.1954565974018517,-0.34130570112744496,-0.06044746018425539,-0.0019563945688374183,0.17963831686857307,0.20050214661542423,-0.22025213963354873,0.024598666924068126,0.13718412138457234,0.43674669664402993,0.21135196194741693,0.23671700621265568,0.02514798837880828,0.4231377435610511,0.12292883878784922,-0.2583263730520711,0.4210109910375572,0.2093709817617083,-0.13291320633854467,-0.143847890219773,0.08897266354222853,0.1389554385802754,0.05918767968936193,0.09339260203286547,0.5099872123729141,0.3214629456704657,0.057190677379507296,0.28239317423024496,-0.30975717105826184,0.11937811498404267,0.542791904919933,-0.06541376861771216,-0.25429017858572545,-0.1956266665779182,-0.3268899112027165,-0.235428572438311
terima_kasih,-0.11115242957700869,-0.4216701057535926,0.004685500184880914,0.27068315213599414,-0.2723268540440761,0.45578517709253064,0.1532376265582784,0.30917417568721717,-0.1973503661556411,0.2563575681199847,-0.3275801701185939,0.2670742502509526,0.05155180193805937,0.16597536599543508,-0.35267838168745547,-0.2685209526829814,0.17916846547601542,-0.28450440126726023,0.1389618876297369,-0.4101413419380737,0.2544522638000004,-0.3697569944305527,0.16568998130385695,0.18768928009380026,-0.20903154552887246,0.17460797012541807,0.07813267900006679,-0.16165255685782148,-0.30256640522286243,-0.5887877075017737,0.1048950141899081,-0.46944083140861653,0.02860325983239246,-0.07903446482467473,0.20374283263145862,-0.09061364984695926,-0.09883433590412741,0.21956121128648867,0.10051740872523525,0.09484678715483348,0.14078027694255787,-0.4606716369621317
terima_kasih,0.22703660399609457,0.18374063820408068,-0.30500493857294914,-0.07322414210226039,-0.011792186288289356,-0.04034903532051981,0.1001579899705604,0.42941003454935506,0.3245300183018486,-0.3936657580294219,0.1866209970918146,0.39867999586062286,0.11604255620676078,0.32729412755579007,0.6036811337102296,0.3071128638320944,0.07479257869251865,0.31352654222542603,0.04346634992906735,0.007170912985486641,-0.10542427071411976,0.4690240076496324,-0.2455285997826004,0.45971031740343477,0.1499592371221114,-0.4197918524405824,0.11029478789742647,-0.6300079522954872,0.18765240504931072,0.2655694448966973,-0.17770678669561607,0.0370643087866747,0.5862472301250858,-0.151724011278581,-0.3176722761169801,0.4444990207387796,0.5887761571592384,0.0011087015543541977,0.3034389106225069,0.4024427746592643,-0.2227452697615152,-0.14559175061036048
terima_kasih,0.3692623539464205,0.5055042836125528,0.16886425805230643,-0.26394430605061625,0.5961183335098323,-0.15929126934358934,-0.10054133435143553,0.10270135034688643,0.46624812621443223,0.2561927929656671,0.12445965010857313,0.13898655903543186,0.013054400593039823,0.1674418543555519,-0.7588680233082908,-0.08898223772093951,0.07239658047503429,-0.3453042250858521,0.11589699534346799,-0.061341366295836454,0.526642709494647,0.4719059175644569,-0.13974167073544885,-0.045251313470008596,-0.022184269682517778,-0.1354978428478868,0.058507495208438016,-0.22748462066627706,-0.33918460048125787,0.18681336717008057,0.18885887526654324,-0.2412947278979977,0.26860662922877987,-0.1894733187495994,0.07594957141139436,0.2461032037837368,-0.010083769411113903,0.1364222736423403,-0.1549288931662715,-0.05893997502842915,-0.06175782926410211,-0.22397350396207166
terima_kasih,-0.05303224893473463,-0.464585489659124,-0.1473461241426314,-0.08546264801090124,-0.07685392574861404,-0.07244923376123365,-0.018529259958038675,0.14383245542581916,0.26235512223975677,-0.1949295680544801,-0.3609602566167433,-0.3126133236729309,-0.14616087635847813,-0.10557639534495272,-0.23099881985923718,-0.38883499927496834,-0.13683624824225646,0.05442798603419141,0.17850883975066942,-0.16722691593249636,-0.1238993466430302,-0.2780094926541932,-0.009431751112432926,-0.2545285902572444,0.17193834397236002,-0.5357599475802334,-0.10788890173573872,0.09033220175752263,0.055150354896751304,0.8079100991941489,0.10494000737037226,-0.30121637905260307,-0.028639274126721907,-0.5328739000399355,-0.02417992478902826,-0.2499168171002276,0.2746170826680485,-0.16486208237866046,-0.035029774738573986,-0.19066735242132102,0.5216554055559993,-0.0963728298353735
terima_kasih,0.5497671130437605,0.24424552863547996,0.14462001820061585,0.1106199441952559,0.11813918946487545,-0.578301773803683,-0.08366501824522696,0.25354739135529647,-0.014669155042231662,-0.4215569540410725,-0.015721335173240834,0.5112316548766473,0.3740675146604158,-0.018601202809809522,0.285434783117426,-0.10995210611041555,-0.5111614760480157,-0.2773397964388663,0.4688666305524593,-0.08219792454879125,-0.07301519381250542,-0.08995145888246417,0.571240976871902,0.48778767460861894,0.6656340700344402,-0.04771356312001539,0.08868734662412851,-0.4549927648262373,0.4430803278354823,-0.35033386538038047,0.06503266912878873,-0.3291907582898532,-0.1766600480216088,-0.2511787293149101,-0.18236257820274535,-0.16173681094469358,-0.16448063847752312,0.25000017353409215,-0.331458837918756,0.06616242810416005,0.3653877456916675,-0.1539589093540188
terima_kasih,-0.21537566722428056,-0.06915738755407524,0.35391756250821305,0.05823228928600731,-0.15936428838227953,0.14516299535641192,-0.330687644950927,0.20440785313288437,0.12258219231053027,-0.09234254134166522,-0.2515757395341693,-0.2660042766850372,0.16044520090377307,0.3686941507467186,-0.19119232410863843,0.13751601106544528,-0.6261081055806206,-0.17538531919715986,-0.009317679861270585,-0.27290502509455006,-0.2809519124368788,-0.20033386694066585,0.08765781849791195,-0.05619870552191241,-0.6714693699974916,-0.6362100457905199,-0.18205955335715263,0.1373059758160656,-0.8242514528175704,-0.14991905284548918,-0.15787435695522634,0.4165013334625343,-0.11550654351385908,0.11489669542227854,0.04237714202623897,-0.6391699439421602,0.23046216498952118,0.06461895163688638,0.15248059190237687,1.177871311930898,-0.6252338818495765,0.5174089949283325
terima_kasih,-0.08623425582010667,0.08619867132090278,-0.01365367359037265,-0.12727090001941305,-0.17094987847162763,0.09885262067190274,-0.4551521090015037,0.22517375025652966,-0.12485832146557618,-0.3390208017121073,-0.1350038573987441,0.37714476505877187,-0.16060052610486694,0.10753608546288607,-0.21928688271464197,0.22737655497708587,0.20565232163706124,0.5545826499889234,-0.052669183649764646,0.20059644142737199,0.029420261861683363,0.3887615345589043,-0.2156497162826191,0.22350159386318433,-0.058409188835004504,-0.019256453132549325,0.027525745334511856,0.07567211892800321,-0.03486871293658745,0.0644139549511579,0.47343541726865535,0.2956349056845655,0.26074637774906895,-0.1366618578071612,-0.2667722484684973,0.2865901674713258,0.26281403775893825,0.4418012027252946,-0.18119418779076885,-0.06886459660810412,-0.49184524875763025,-0.11774133181826188
terima_kasih,0.29897115317383416,-0.13994861376845938,0.1921439385602471,-0.0571509317993434,0.09721710846646818,-0.3443074169447002,0.02556283489017032,-0.8973407912702169,-0.05606884744859545,-0.489141973114542,0.3617983549640448,0.23322220582935335,0.1400012945898243,0.456301868147814,-0.28467495624745115,0.5242089593746674,0.2796574692781154,-0.07096658616568381,0.34068604415488324,-0.33188805372349023,-0.24735424845830206,-0.1825769169719101,-0.15869331241920456,-0.31696729282807584,0.3669249201285975,-0.07765632011094949,0.10575149050706387,-0.17110540992410417,-0.5461809901645551,0.08101720751742662,-0.573676492625933,-0.020590213825640583,-0.41049451164984313,0.5961827997692424,0.2734088166524165,0.03172613738144413,0.37911200329640055,-0.25389479323972075,0.1630438136010279,0.05994313011561404,0.079206024400101,0.38170605003203034
terima_kasih,0.21974763083394067,0.08661709884750697,-0.49646623086848884,-0.2880138885838391,-0.03681268007871724,0.02801171228299537,-0.33906111740217715,0.7235030026735263,0.45491821657607184,0.18063549611774504,0.021611058385123425,-0.0636626909703455,-0.2855755380066707,0.02324415555565876,0.0773257620428252,-0.3725281726444873,0.10025292517346923,-0.04657771464742463,-0.5723422673632172,-0.2581155032338506,-0.12408166002649326,0.566306297202057,0.16696593736012744,-0.4006444707299674,0.1458108868252911,-0.46419119668150965,0.32480731616612196,-0.14133739554536356,-0.028090856621751252,0.397738994262657,-0.386149070575275,-0.41913545553389736,-0.17507979790380146,0.31151365530579495,-0.4558038226430527,-0.8496466794331706,-0.13534765752269962,0.16552223997327611,0.36007852492164877,-0.1389484086256197,-0.12342798213480072,0.34617022027672417
terima_kasih,-0.5609225099086261,-0.11655623255490277,0.05712716697751732,0.13476561638551027,-0.15294200795726476,0.010332303511752405,-0.7464982060238968,-0.1974745237001545,0.1360526137663402,-0.29468821027640385,0.01769526647687921,0.1340617502408094,-0.10276476025732949,0.05113913129897127,-0.2888197695853837,-0.06198338390881399,0.18306485087676674,0.047091888290530265,-0.17595938086918064,0.0672649212872379,0.2143829371909854,-0.6149823835732434,0.3477222194867693,-0.10087642160432159,0.12764697997206909,0.35917407709356836,-0.41150210916913976,-0.21283230072826398,-0.08656460876271144,-0.23512605633732847,0.5204809727510425,-0.2570316281480378,-0.16666403384605996,0.06131670948089303,-0.3606448578228266,-0.11870421352687915,0.09523597837505254,-0.09985812131475337,-0.028016057669984485,-0.15879963373451125,-0.45434109275423007,0.09647796340177157
terima_kasih,0.5264799214941724,0.005520489235031439,0.06757923517426485,0.2078168265350578,-0.38079914896400974,0.5107543974388816,0.0606986389268406,0.48955706972673263,-0.21990989865719682,0.5454185767673474,0.23254664821043491,0.16591202575570752,0.07020733630594438,-0.0745585854223348,0.36015949754216176,0.04210796095441409,-0.5901209110761456,-0.33515593851210074,-0.05575372565782419,0.09299969494966652,-0.01697654666996875,0.36569123693809896,-0.5853305592115874,0.04307638095154805,-0.5453937676161464,0.22791368864525052,-0.028337614332600826,0.12588299160723543,-0.25916488817692984,0.38383947949732533,0.31251739921765537,0.1750632909035663,-0.03885517405903223,0.17395718558853965,-0.21206777039620467,0.2566666977062136,0.49484426829717626,0.32118316799375585,-0.21888074094222285,0.10842519518193086,-0.38794246312759434,0.17171709335270272
terima_kasih,0.13518102385876166,-0.5609449018596492,-0.34853515317370914,-0.08494166902313013,-0.09025792414224787,-0.3628430806256416,0.11669361880565512,0.07544208268215362,-0.058280739593555786,-0.22673745004750887,0.31461213792496906,0.4966221339264886,-0.1450684451539611,-0.1836500751464462,0.14736229962359887,-0.10740881392409586,-0.041819160198970244,0.2218959455174014,-0.5728068262521878,0.3954906974558008,0.0218041572988024,-0.12344794336865406,-0.026770246266434677,-0.011271193493844379,-0.5193603910334776,0.44848146823597074,0.01239768968118554,0.13290063913421254,0.28546493117221283,-0.30634873726809003,0.14204156971056853,-0.08029232726963807,0.2540312325649481,-0.6381682261054485,-0.0297282900723807,-0.18084619673518848,0.12967888519024665,0.14101325621046062,-0.21228776844660782,-0.21365215925281306,-0.033199610567198834,-0.2689926681945624
terima_kasih,0.25259510863563805,-0.11076216013423384,-0.8720964657964924,-0.11244661698654183,-0.3115631462531917,-0.48938274463828363,-0.3712279914667717,0.03282254154989102,0.39859224847446934,0.093955342159494,-0.1819510164647219,0.1367712585512108,-0.13772709306569753,-0.2083801107489434,-0.3463088004698953,-0.5255486420255158,-0.11697711196783359,0.04741604697603955,-0.028987101004466914,-0.12479007838420758,-0.2837238182090343,0.18247385750549056,-0.3951395759839755,0.2328083741530426,-0.3006651056780174,-0.22573057120591047,-0.4400355571847031,-0.150420644065691,0.29259373754339363,0.15468842653318693,0.2935266336084105,0.15664276378018074,-0.33110094855911076,-0.0992367672982672,-0.2340597387352388,0.39917247121171207,-0.35903659392789344,0.26810930681673323,0.26788616103263074,0.5488860605148261,-0.12290597778884921,0.21369664787404863
terima_kasih,0.6844955509616528,-0.185292503080109,-0.46051207425970786,-0.5640030101723291,0.2138136086583994,-0.5649450624175751,-0.11169571588137685,0.13119395611168821,0.05555266104897422,0.12763345925525169,0.06668695674025621,0.383659743994018,-0.28569491422163906,-0.20309854153755938,-0.23179783358124717,0.24905754355878304,0.2701195765185191,0.13536759579555244,0.35504810006697834,-0.3534122602129142,0.5001672334653411,0.4569715865136774,0.22068659917372402,0.534539672631318,-0.4969869623033321,-0.15733444087879556,-0.22059103820458567,0.21644379712720296,-0.3150422218806437,0.22724854480124565,0.411160843199014,0.2085608700251998,0.08512530709845033,-0.29636200227022474,-0.2540552898376094,0.374885671589,0.23380470117159968,-0.011705855813263234,-0.12537286372976716,-0.607742361933413,-0.3212557256053316,0.573425726141917
terima_kasih,-0.38413667130074003,0.05684394636632419,0.3022331919585595,-0.3764768004006877,0.055413142434324984,0.2813746612531965,0.0037497965721751004,0.8605209167000305,-0.5005797776634585,0.31761855896516367,-0.05184052121893931,0.23157604645100252,0.13239214550977374,-0.21994685913299897,0.06869891773780207,-0.5573704354194862,0.18097425017141813,0.0894475397971577,0.1915980505929307,0.317435497526145,0.11028595206291326,0.044426825939482856,-0.26432050099838766,-0.21366622909471528,0.3560203860531993,0.43090062171179355,-0.07143313089361622,0.013800824175982235,-0.27138431249812983,0.3518270535802334,0.1996250471075336,0.5823652309391247,-0.26349692315392165,-0.11340236970546515,0.06943377675767169,0.1939468613177312,-0.0647002912642897,-0.2618883271361101,0.2644222586770713,0.21634060876367447,-0.27488223016911745,0.4066328403316487
terima_kasih,0.3510596127589811,0.04028894917433786,0.023879358712810914,0.16621733133477215,-0.25851092107687745,0.009009443749224652,-0.6457150633827541,0.2629366936508806,-0.4684479667325578,0.4510259485286997,-0.0990360281899351,-0.06350009457935306,-0.18832017182535168,-0.08641166217662291,0.42555940354441096,-0.7463425969605239,0.38308961582645634,0.10140704433051244,-0.36210649435716463,-0.32259371791477137,0.5029179081624608,-0.28365206398281934,-0.3460051531787878,0.3411943627094188,0.10156586288577427,-0.28137767296091964,0.0649874926213857,-0.3077258050920832,0.3302464195267815,0.31841128946194003,0.15960185964658294,0.10849831837410497,0.5283564374602121,-9.410178353241362e-05,-0.35456223762624034,0.13484217384969205,0.6258141148611341,-0.3044278479557556,-0.10843883000819572,0.12493381143043579,-0.016171454701721745,-0.29469107411319434
terima_kasih,0.33655735686914123,0.6960122166051778,0.0588394377071722,-0.2712204869208001,-0.4646881575160425,0.07739279436635425,0.3311632029948773,0.14255032394861447,-0.0007211522756561533,-0.17678149553679184,-0.3276490898154269,0.25042539789746465,0.2741314864156757,-0.4637189360072199,0.47695169345420513,0.1722213662682004,0.419878393543738,-0.4026383245455345,-0.40974724662463163,-0.04469079293018907,0.15083532806855826,0.538908246878089,0.21182367414453945,-0.07280438304360999,-0.3079107622997676,0.369000171815745,-0.28941162772521445,0.48854056643169647,-0.08531539488195279,0.4771746217853551,0.2036793870177835,-0.04109864683273748,-0.15581891154783797,-0.10227236320382393,0.12849500771257125,0.02314694886531502,-0.17814342242061154,-0.04968942309528967,0.02357310891574494,-0.6386202283244437,0.1374504344366096,-0.293916367415042
terima_kasih,-0.3459997209617235,-0.5062033041332131,-0.538167749360367,-0.40663425093368677,-0.21270628728914712,0.5859777412579704,-0.15776390276856117,0.0533250318804094,0.1201444159518986,0.039319555864754614,-0.023233038217798093,-0.3585881290797734,0.43527826448376356,0.5421589930913655,-0.5047976082368058,-0.30720857726591383,-0.08394310271310182,-0.2893613384730574,0.15178966603675956,-0.2184816607219839,0.6495168203419807,0.3571645783030788,0.06377220918966446,0.30809587899591967,0.3317701273071927,-0.16918424641747296,-0.24486517336258942,0.023442918890894233,0.2584908373493832,0.041718119596025297,-0.4730989446572991,-0.24084733318525267,-0.02219185907831341,-0.022699681297749078,0.5917626530369424,-0.4157963827196994,0.15167677255076237,0.44673393249848686,0.6814349236268388,-0.12131922695518838,0.14742883581605992,0.17092810715959408
terima_kasih,0.05864451946598724,-0.029653560371791815,0.13079261685001375,-0.7596738255659056,0.20462084701878938,0.037853371098590154,-0.0667424690334796,0.6140586587158673,-0.20248020563716568,-0.12092279671950923,0.5974659906614201,-0.24961839145495698,-0.16503458488096165,-0.04410762702925499,0.2522203446388648,0.06234075220599402,-0.38778760414567875,-0.15965056893815685,-0.1822063299636634,-0.02316631356691367,0.12775309758894873,0.1254617267663916,-0.5328035262145207,0.31918229626825684,0.07577065379898705,0.41535961427817186,0.13325949818720156,0.33039688732072864,0.1399635934350381,0.40386772686082445,0.15667519080533357,-0.029374573932871215,0.6817304161340645,0.2667111366839676,0.17212332630132393,-0.38289132496150075,-0.3864922852390613,0.08781464464255602,0.04365635933047224,-0.18423676950249485,0.042294809883618,0.4765880784130787
terima_kasih,0.2086207423650896,-0.34230255292582146,-0.03345264814288311,-0.24148994425576825,-0.11630997492256834,-0.12408469968889282,-0.14329367478120156,-0.37654061159201846,-0.03829640445545703,-0.168182291054193,-0.8788346070006804,0.6158916073504989,0.3266308962650016,-0.1128902174774988,0.005645714922179527,-0.3514963041952685,0.5087168633432596,0.5691866084319335,0.04700811847395738,0.3070591932556034,0.052586033680177155,-0.4010176316627792,-0.12354701068909718,0.03957839003158712,-0.13636431562303325,-0.06559598323051079,-0.027419867252734334,-0.02426354935963839,0.015677547149244964,-0.31818151991898025,-0.21510484473838085,-0.3853752797099908,0.2933446649058601,-0.6316940825520974,0.3460771029950776,0.41590481917885297,-0.09065417609478642,-0.7809411263481896,-0.10839316859018715,-0.019255248386645784,-0.303179465978674,-0.15456551814247282
terima_kasih,0.4590585596590054,0.1994781486905223,-0.27736923431342997,-0.4792797508786296,-0.09810519528293132,-0.06403703380513147,0.1488597562089949,-0.1605950137702977,0.1534498726085584,0.5805462120180688,0.24465030673327876,-0.014426552199231776,-0.054945141315988405,-0.10700194025396137,0.3541922737356434,-0.18819403378539087,0.013566812699994768,0.0153593705643256,-0.15053525784345959,-0.41173966436523024,0.09689235108530045,-0.018301191556615064,0.15007214083097095,-0.16008009193175007,0.3662463896439143,-0.26303213436355344,0.5136120852053677,-0.5242909529484785,0.13043101936706733,0.14262920475798704,-0.23866712038226467,0.12731818135830378,0.38385560092804766,-0.6650456518062193,0.1508234422472444,-0.7479812460990233,-0.2896994410569624,0.4887499094702835,-0.1745346100176162,-0.3521639893226918,-0.059381318695404556,0.6203719014490656
terima_kasih,-0.5495046741618078,-0.31539297349180334,0.4492295049538879,0.5573107030613197,-0.031029367287085177,-0.3717158107579927,0.6287530505427477,0.47833271752475903,0.20368409632866988,-0.243720704681226,-0.01470880225141102,-0.04810802431344923,0.09925539138467333,0.43530043143940084,0.2638251123412209,-0.3232128230954275,0.41294893500586133,0.0939396420039466,0.20611973875767486,0.43996225778358083,-0.3334740748540653,-0.010747673611938879,-0.1594363654077645,-0.47035782760963674,0.10401299328147597,0.7534669654753271,-0.5520233233517258,-0.009684183314841097,0.19216288052243202,0.03692346049685434,-0.03393841575472212,-0.3897649090337473,0.06983602288204908,-0.2270291931047779,-0.656976511493566,0.3583776661541192,0.2875157459526127,0.01549829305532394,0.06872240646171077,0.3222954038146684,0.06730189703342478,0.2712052664283943
terima_kasih,-0.08924466026215504,0.39359512157218396,0.09623571777980516,0.0582155830817622,-0.3810183266136096,0.08608675629051261,-0.24958647524833533,-0.19148481795854824,-0.2446126884948363,-0.3198704795697675,0.6374314209050884,0.3994017185965209,0.5761102506432784,-0.36686850586666914,0.021376124973267747,-0.3880522875612287,-0.2087084631591192,-0.27543809502497246,0.3718752019324684,-0.11886890343052794,0.3205138001082049,0.1812362668765554,0.6910916256314367,-0.4438332669419172,0.3777699719360397,0.3439322611202183,-0.29201365140811036,0.3021400009419479,0.10084348890786864,-0.06824287798602233,-0.24718064609159987,-0.21573283543475577,0.6149436287357778,0.0002048456872447884,0.23463900045943775,-0.23726981450026594,-0.23395588386649163,0.32459544277498265,-0.40487286346545964,-0.12456413037158146,0.010208223321669613,0.03341178055201573
terima_kasih,-0.05372798550484688,0.11874593432877692,0.20785672674534347,0.220391263637799,-0.295741142600348,-0.08524652937863915,0.3584288585630813,0.2683941562721617,-0.41185783544431914,0.10544397010566049,-0.593467574812443,0.014080470618110887,0.5693301050237931,-0.28436781518069587,-0.25029691364747464,0.22920893447185783,-0.46284045456289374,-0.1898265089655117,0.17893234127452579,-0.19028575430682093,-0.07079099616329149,0.22325571309451037,0.12646382506096837,0.08004551888862056,-0.10173668378101162,0.1110183345806866,-0.037119804029926984,0.1373416829777354,-0.14907960753539345,-0.054770692313862335,-0.29698733776560415,-0.01050228300187077,-0.24330025908865344,-0.334213935048598,0.07759834435661643,0.0638219327572981,0.23486212048457172,-0.1293376708725297,0.1224158540510267,0.16523927168209895,0.13343214234947842,-0.24769610484064264
terima_kasih,0.044809044681356665,0.10924208881639841,0.0021535400723825824,-0.6259432975113254,0.04814688719204402,0.6637593118191726,-0.10801178062709481,-0.21842312935659633,0.11200456791341945,0.09371346313997152,0.3578205496249243,-0.37736044677266634,0.21941407577249772,0.17712661837543903,-0.04264396108216383,0.10160619537650699,0.30883724447950717,0.2616946140085351,-0.3429057936221186,0.24604745602664532,-0.019406581509755546,0.021862229404654616,0.021959097300508348,-0.04507289663947799,0.3575122491321195,-0.025115387954763604,-0.3358638385149506,-0.11805895679091864,0.05360841504314268,0.3687644352891151,0.18092840548465006,-0.25516058362411315,0.7455569750036675,0.07943259329339389,0.38261722139970444,-0.04551433007316874,0.1600077734116348,0.2518405513555214,0.3654584135262768,0.3172104916134675,0.26165910002189335,-0.09452601935823259
terima_kasih,-0.1715238125868184,0.09978225309725926,0.2799384217023208,-0.0668162102329821,0.31955158971431596,0.4357850236458538,-0.2748962757220259,-0.25107621113888395,-0.04211251767160093,0.09228380045675892,-0.1573701041301153,0.4056608036601433,0.12722005845553536,0.011834114472221846,-0.43077285716055824,-0.3947447449282521,0.08430277508454188,-0.6397786878464509,0.3037912228932215,-0.04744615331169609,0.9729278908784199,0.6923748751848332,-0.05443472077425502,-0.031901100759394486,0.2986744542006089,0.5109517829754113,-0.49140871723080504,-0.535912639606406,-0.1866104416663144,0.1748212749521593,0.14906207715227912,0.32093143649515504,-0.35990925850959243,-0.694843158890663,0.2574042585906436,-0.24845888188957035,-0.6055463593165914,0.04351912378781449,0.23795270646560318,-0.036617139636383175,-0.13735451585474676,-0.047808669643771964
terima_kasih,-0.11117482872023486,-0.40441413358205014,-0.21440420309712954,0.15638397150414435,0.09650356241295002,0.05041794179004607,-0.2985445445560138,-0.05445094864070014,-0.6531195139328564,0.053542999165616924,0.4286573123440702,-0.4422396396126317,-0.1757783019953266,0.09873203361303887,0.3758527903282451,-0.1344673848900448,-0.2076750987797689,-0.590676942724825,0.031031438792431913,0.6126228120431232,0.08320753858940276,-0.006683693755113995,0.09662469323009563,-0.0033276011845806176,-0.24390431167803894,0.24698397470331157,0.06772845693352632,0.005283975580097194,-0.292609808183475,0.3910523795804277,0.19941082359993298,-0.1658762512101906,0.30054745610458117,-0.14927125151556214,-0.2346010477533111,-0.22791093524408612,-0.5313205659264273,0.1414627141254617,-0.549343463501505,-0.36853314937972875,-0.62267640272356,-0.02582090783726792
